frame,time,tx_mm,ty_mm,tz_mm,qx,qy,qz,qw
0,0.0,831.576416015625,820.43994140625,504.791015625,0.6768423251170397,0.7009045633285965,0.18273039756322934,0.13125114034435345
1,0.016667,831.5797119140625,820.4381713867188,504.7925720214844,0.6768367046659823,0.7009158883550353,0.18270870522681176,0.13124984458165095
2,0.033333,831.583251953125,820.43603515625,504.7950744628906,0.6768335679425338,0.7009258561960451,0.18268225546462902,0.13124960556274715
3,0.05,831.58642578125,820.4339599609375,504.7980651855469,0.6768324079760207,0.7009337783407761,0.1826553010697024,0.13125079384689983
4,0.066667,831.5877685546875,820.4327392578125,504.80126953125,0.6768370741547207,0.7009356309928297,0.18262622853724078,0.13125729276738968
5,0.083333,831.5858154296875,820.4336547851562,504.8055114746094,0.6768547949373931,0.7009264978291875,0.1825811293959194,0.13127742532392947
6,0.1,831.579345703125,820.4369506835938,504.8125915527344,0.676891572673688,0.7009043877442022,0.1824997860404312,0.13131894828798782
7,0.116667,831.568603515625,820.4418334960938,504.82366943359375,0.6769476529711379,0.7008712368496388,0.1823729387190219,0.13138301152246837
8,0.133333,831.5550537109375,820.4471435546875,504.8379211425781,0.6770154236579095,0.7008327311292448,0.18221292267268926,0.13146121069844713
9,0.15,831.541015625,820.4514770507812,504.8529357910156,0.6770820037300731,0.7007965928680671,0.18204875002259277,0.13153839083928803
10,0.166667,831.5287475585938,820.4539794921875,504.8661193847656,0.677135765414824,0.7007687987276474,0.18191025882012016,0.13160130569978262
11,0.183333,831.5198364257812,820.4545288085938,504.8758239746094,0.677170742698123,0.7007521196018981,0.1818141010128046,0.1316430202480372
12,0.2,831.5148315429688,820.4534301757812,504.8816833496094,0.6771864119258579,0.7007462409504074,0.18176373928671036,0.1316632537094857
13,0.216667,831.5134887695312,820.451416015625,504.8840637207031,0.6771861168176355,0.7007488024573267,0.18175356926455388,0.13166517802239627
14,0.233333,831.5145263671875,820.4493408203125,504.8840026855469,0.6771757508014452,0.7007562667041306,0.18177121545380784,0.1316544052959634
15,0.25,831.5164794921875,820.4478759765625,504.88275146484375,0.6771626915190158,0.7007644320041807,0.18179994423724352,0.13163844547819353
16,0.266667,831.5180053710938,820.44775390625,504.8815612792969,0.6771535965502051,0.7007697537860714,0.18182323391303204,0.1316247334931311
17,0.283333,831.5176391601562,820.4492797851562,504.8811950683594,0.6771550145317738,0.7007677849803693,0.18182839330099926,0.13162079325758996
18,0.3,831.5137329101562,820.4527587890625,504.88250732421875,0.6771736752154018,0.7007532981256102,0.18180445184898916,0.13163498793722692
19,0.316667,831.504638671875,820.4585571289062,504.8860778808594,0.6772172761703662,0.7007199819178079,0.181740215705894,0.13167673216127426
20,0.333333,831.4887084960938,820.4674682617188,504.89263916015625,0.6772941731000621,0.7006607913728973,0.18162452392861958,0.13175579996763054
21,0.35,831.4647216796875,820.4800415039062,504.902587890625,0.6774098400605747,0.7005710199080009,0.181449680297189,0.13187936978245712
22,0.366667,831.4331665039062,820.4961547851562,504.9156494140625,0.677561776257627,0.7004525368262577,0.1812188040843404,0.13204555295242212
23,0.383333,831.397216796875,820.5145874023438,504.9305419921875,0.6777351573505868,0.7003169966035397,0.18095344345919065,0.13223846664051572
24,0.4,831.362060546875,820.5331420898438,504.9452819824219,0.6779060375428486,0.7001828527898877,0.180690901107415,0.13243177556371824
25,0.416667,831.33349609375,820.5487670898438,504.9574279785156,0.6780471225644623,0.7000711835392216,0.18047547556179755,0.1325935152290248
26,0.433333,831.3177490234375,820.5580444335938,504.96435546875,0.6781291699895062,0.7000050864574336,0.18035290899393022,0.13268962265562212
27,0.45,831.3191528320312,820.5588989257812,504.96392822265625,0.6781314755043181,0.7000008286603346,0.18035637188196268,0.13269559497871974
28,0.466667,831.3362426757812,820.5519409179688,504.956298828125,0.6780598764479189,0.700053545838991,0.1804783010758242,0.13261756953915604
29,0.483333,831.3594360351562,820.541748046875,504.9453430175781,0.6779580021098431,0.700128841184515,0.18065225700955456,0.13250401938889253
30,0.5,831.3743896484375,820.53515625,504.9373474121094,0.6778918690160812,0.7001758721379306,0.18077299060213461,0.13242918057034483
31,0.516667,831.3701171875,820.5376586914062,504.9380187988281,0.6779134506891324,0.7001557297576022,0.18075330283147323,0.13245207049293856
32,0.533333,831.3450927734375,820.5499267578125,504.94879150390625,0.6780303724129487,0.7000636809073194,0.1805759183151094,0.13258202926757395
33,0.55,831.3077392578125,820.5681762695312,504.96624755859375,0.6782038658036275,0.6999293862892146,0.18030136084839368,0.13277721903261777
34,0.566667,831.2710571289062,820.5862426757812,504.98419189453125,0.6783738972825322,0.6997986728935977,0.1800273843543,0.13296922119279014
35,0.583333,831.2465209960938,820.5986328125,504.996826171875,0.6784868771807997,0.6997123772064578,0.1798421064034057,0.13309757113456322
36,0.6,831.2410278320312,820.6019287109375,505.0005187988281,0.6785112988052235,0.6996949305076938,0.17979693352994308,0.13312582134473933
37,0.616667,831.2568359375,820.5947265625,504.994140625,0.6784364665661504,0.6997547043327897,0.17990824249846227,0.13304262053372667
38,0.633333,831.2921142578125,820.5774536132812,504.9782409667969,0.6782693240178929,0.6998860447822713,0.18016521413701989,0.13285610272133072
39,0.65,831.341064453125,820.5524291992188,504.9551086425781,0.6780350631819371,0.7000684453266895,0.18052943790693968,0.13259618019665148
40,0.666667,831.3926391601562,820.5244750976562,504.9295959472656,0.6777833422786991,0.7002625596783756,0.1809240942371125,0.1323199174980313
41,0.683333,831.4321899414062,820.5006103515625,504.90850830078125,0.6775812576834429,0.7004169691426575,0.18124102449821367,0.13210374563946126
42,0.7,831.4472045898438,820.4866943359375,504.8985595703125,0.6774878493682364,0.7004876341637278,0.18138217037689286,0.1320143803207554
43,0.716667,831.433837890625,820.4853515625,504.90283203125,0.6775257684916086,0.7004589775731295,0.18130755352805913,0.13207431544676335
44,0.733333,831.3982543945312,820.4943237304688,504.9193420410156,0.6776710997964532,0.7003495028614584,0.18105565967803033,0.13225468778431632
45,0.75,831.3521728515625,820.50927734375,504.9424133300781,0.6778722271866596,0.7001979078007838,0.1807127627376186,0.13249539955839992
46,0.766667,831.3058471679688,820.526611328125,504.96630859375,0.6780817079472862,0.7000395792871088,0.1803578017179969,0.1327435427366263
47,0.783333,831.2650146484375,820.5451049804688,504.98773193359375,0.6782719308350381,0.6998960275687777,0.1800323504875121,0.13297026439281726
48,0.8,831.2332153320312,820.5648803710938,505.004638671875,0.6784263451392488,0.699781717282567,0.1797548202742476,0.13315947944564663
49,0.816667,831.2136840820312,820.584716796875,505.0157165527344,0.6785320798480721,0.6997082626070126,0.17953971524435652,0.13329686607906738
50,0.833333,831.2081298828125,820.6026611328125,505.02032470703125,0.6785838812475016,0.6996787369872085,0.1793999084986937,0.1333763620351129
51,0.85,831.2142944335938,820.616455078125,505.0188293457031,0.6785883313602972,0.6996850279801802,0.17933985882762,0.13340147374639927
52,0.866667,831.22802734375,820.6246337890625,505.01263427734375,0.6785587760969093,0.6997126692167475,0.17935871812902368,0.13338147603978764
53,0.883333,831.2447509765625,820.6265258789062,505.0035095214844,0.6785076610763922,0.6997490311101879,0.17945280256966384,0.13332418749383093
54,0.9,831.2615966796875,820.6224975585938,504.9930725097656,0.6784427891745891,0.6997882430387778,0.17961199553435475,0.13323410892812504
55,0.916667,831.2766723632812,820.6138916015625,504.9826965332031,0.6783712181713358,0.6998281670289453,0.1798126182551588,0.13311817796931089
56,0.933333,831.2880859375,820.6040649414062,504.97393798828125,0.6783055349024842,0.6998637951207968,0.1800123030852672,0.13299564029586858
57,0.95,831.29248046875,820.5974731445312,504.96868896484375,0.6782681994927122,0.699882021918272,0.1801532910229527,0.132899197462231
58,0.966667,831.286865234375,820.5980224609375,504.96868896484375,0.6782806490810114,0.6998685386852048,0.18018721711353525,0.13286066547235778
59,0.983333,831.2716064453125,820.6068115234375,504.97430419921875,0.6783471280130648,0.6998204456895185,0.1801031926833392,0.13288851604490953
60,1.0,831.25048828125,820.621337890625,504.9838562011719,0.6784504115201747,0.6997484989875619,0.17993571784486823,0.13296696851628872
61,1.016667,831.2283325195312,820.6377563476562,504.99462890625,0.678564398035793,0.6996689724692295,0.17973995081679278,0.1330685415962431
62,1.033333,831.2088012695312,820.6528930664062,505.00433349609375,0.6786668321728785,0.6995960186281375,0.1795624176671694,0.1331693650567187
63,1.05,831.1941528320312,820.664794921875,505.0117492675781,0.6787460709378095,0.6995375338074279,0.17942665637454783,0.13325571268563938
64,1.066667,831.1856689453125,820.672607421875,505.0162048339844,0.6787957942403692,0.6994988883189928,0.1793406723205909,0.1333210344007214
65,1.083333,831.184814453125,820.6751708984375,505.01702880859375,0.6788084791528729,0.6994872407655306,0.17931047924300986,0.13335816686663915
66,1.1,831.1928100585938,820.6716918945312,505.0137023925781,0.6787773853095882,0.6995090902432997,0.17934182467829293,0.13335967824020334
67,1.116667,831.2081298828125,820.6622924804688,505.0066833496094,0.6787067748945999,0.6995620011176863,0.1794262480096209,0.13332794841884985
68,1.133333,831.2261352539062,820.6494140625,504.99755859375,0.6786157886337796,0.699631409614249,0.17953677308239874,0.13327808975706262
69,1.15,831.2420654296875,820.6364135742188,504.9886779785156,0.6785289896031129,0.6996977729896012,0.17964389793549002,0.13322727452032637
70,1.166667,831.2532958984375,820.626708984375,504.9814453125,0.6784658455392208,0.6997452221540781,0.1797291525048297,0.1331846547061096
71,1.183333,831.2589721679688,820.6224975585938,504.97650146484375,0.6784363532156029,0.699765094388887,0.1797866227090888,0.13315291061514856
72,1.2,831.2596435546875,820.6243286132812,504.9737548828125,0.6784407426471268,0.699756855229638,0.1798182307951423,0.13313116145083181
73,1.216667,831.2568359375,820.6312866210938,504.9729309082031,0.678472396632722,0.6997260449171077,0.17983009227476393,0.1331157653494215
74,1.233333,831.2520751953125,820.6414184570312,504.9733581542969,0.6785210587165958,0.6996818531792929,0.17982869136340487,0.13310191197809867
75,1.25,831.2465209960938,820.6522216796875,504.9744873046875,0.6785747771656468,0.699635222131119,0.17981815346578478,0.1330874127492451
76,1.266667,831.2410888671875,820.6613159179688,504.9758605957031,0.6786213998722215,0.6995969387927691,0.17980248922613123,0.13307209976302312
77,1.283333,831.238037109375,820.66650390625,504.97650146484375,0.6786469879587207,0.6995777118867107,0.17979556323557366,0.13305204322637473
78,1.3,831.2407836914062,820.66650390625,504.974853515625,0.6786380627949375,0.6995859811830257,0.17982348141673687,0.1330163530896929
79,1.316667,831.252685546875,820.660888671875,504.96942138671875,0.6785842449936655,0.6996271978255975,0.17991520889294327,0.13295008130154695
80,1.333333,831.2760009765625,820.6497192382812,504.95916748046875,0.6784808479604674,0.6997033534292081,0.18008927443158723,0.13284129397695013
81,1.35,831.3106689453125,820.6337280273438,504.94390869140625,0.6783311033092294,0.6998118213499328,0.18034412638876224,0.13268882793682285
82,1.366667,831.35400390625,820.6143798828125,504.92547607421875,0.6781490278475633,0.6999437691703005,0.18064978117460545,0.1325076321977165
83,1.383333,831.400390625,820.593994140625,504.90789794921875,0.6779601830107091,0.7000838178404108,0.1809462138393648,0.13232953543060355
84,1.4,831.4425659179688,820.5753173828125,504.8963317871094,0.6777946360563549,0.7002145211417657,0.18116161709268472,0.1321912410404124
85,1.416667,831.47412109375,820.5603637695312,504.8943176269531,0.6776754748895333,0.7003215118664383,0.18124710282456813,0.13211819885258783
86,1.433333,831.4892578125,820.5510864257812,504.9022521972656,0.6776178905417587,0.7003907001814016,0.18119354155703188,0.13212025588517196
87,1.45,831.4832763671875,820.550048828125,504.9173278808594,0.6776356694050308,0.700402041095716,0.1810245443740066,0.13220058514671554
88,1.466667,831.454833984375,820.5597534179688,504.9359130859375,0.6777349890719846,0.7003401895848324,0.18077930575361661,0.13235462232622794
89,1.483333,831.4089965820312,820.5792846679688,504.9552307128906,0.6778988567010678,0.7002129586050791,0.18050527364747712,0.13256243385799849
90,1.5,831.3565673828125,820.6046142578125,504.9731750488281,0.6780870003072392,0.7000537899546772,0.18025237210905226,0.13278476393578728
91,1.516667,831.3092651367188,820.6304321289062,504.9880676269531,0.6782561971262464,0.6999016379532762,0.18006265202327204,0.13297995937926005
92,1.533333,831.2744750976562,820.653076171875,504.99945068359375,0.6783808831402768,0.6997811870802664,0.1799549849814686,0.13312351775201342
93,1.55,831.25341796875,820.6708374023438,505.00775146484375,0.678458832655744,0.6996976559826205,0.17992171560382045,0.13321028060179751
94,1.566667,831.242919921875,820.6831665039062,505.0140075683594,0.678501082235386,0.69964386383151,0.17994266069133147,0.1332493304735511
95,1.583333,831.2381591796875,820.6904907226562,505.0193786621094,0.6785209503223766,0.699609964668688,0.17999483863076907,0.13325567671277502
96,1.6,831.2347412109375,820.6936645507812,505.02484130859375,0.6785270744413667,0.6995899670810968,0.18005650683600155,0.1332461690088192
97,1.616667,831.2301025390625,820.6942749023438,505.03076171875,0.6785247266224055,0.6995807067447741,0.1801093158437965,0.13323537240069472
98,1.633333,831.2240600585938,820.6939697265625,505.0364685058594,0.67851912189552,0.6995784913629539,0.1801404385542348,0.13323347192786772
99,1.65,831.21826171875,820.694091796875,505.0406494140625,0.6785173176980803,0.6995773582022863,0.18014231340445097,0.13324607459810836
100,1.666667,831.2138061523438,820.6947021484375,505.04248046875,0.6785266888328008,0.6995704373399314,0.18011232145631884,0.1332752317620499
101,1.683333,831.2100219726562,820.69384765625,505.04278564453125,0.6785528779047493,0.699550513739827,0.1800566765427773,0.13332165557739004
102,1.7,831.2044067382812,820.6887817382812,505.0436706542969,0.6785998513066408,0.6995103940286759,0.17998938246931218,0.13338392950714567
103,1.716667,831.1947631835938,820.6778564453125,505.0467834472656,0.6786678294910756,0.6994462712220617,0.17992567628604847,0.13346026337616185
104,1.733333,831.1796264648438,820.6617431640625,505.0524597167969,0.6787511235051011,0.6993621368761868,0.17987323424021717,0.13354824389897832
105,1.75,831.1588134765625,820.64306640625,505.0600280761719,0.6788362386996057,0.6992712459391647,0.17983422541434035,0.13364406833258424
106,1.766667,831.13623046875,820.625244140625,505.06817626953125,0.67890811670471,0.6991902881527119,0.17980891840438434,0.13373654282819283
107,1.783333,831.1184692382812,820.6104736328125,505.0760498046875,0.678960457182457,0.6991282743314864,0.17979715072897026,0.13381082991525992
108,1.8,831.1100463867188,820.597900390625,505.0851135253906,0.678998782922178,0.699080165693133,0.1797974842763563,0.13386724533117145
109,1.816667,831.109619140625,820.583984375,505.1006164550781,0.6790354507563146,0.6990277907709511,0.17981033173424266,0.1339374814892141
110,1.833333,831.1127319335938,820.565185546875,505.1301574707031,0.6790787686565838,0.6989518840301612,0.1798416852471799,0.13407183901923755
111,1.85,831.119140625,820.5416870117188,505.1794128417969,0.679125628546737,0.698846215122197,0.1799021472610973,0.1343040046730772
112,1.866667,831.1340942382812,820.5179443359375,505.24853515625,0.6791630456567,0.6987211985073103,0.18000207995936765,0.13463095996510094
113,1.883333,831.16259765625,820.5015869140625,505.3306884765625,0.6791749360820369,0.6985992066097342,0.18014113251693448,0.13501750663424106
114,1.9,831.2045288085938,820.4999389648438,505.4132995605469,0.6791503784051744,0.6985041550275877,0.18030126445973138,0.1354184734647613
115,1.916667,831.254150390625,820.5159912109375,505.4814147949219,0.6790936330494602,0.6984472579399811,0.1804435361212527,0.1358064641313679
116,1.933333,831.3021240234375,820.5476684570312,505.5213623046875,0.6790259900577496,0.6984218831443728,0.18050730873283635,0.13618990221448038
117,1.95,831.3390502929688,820.5897216796875,505.52337646484375,0.6789810338861799,0.6984062540928827,0.1804172777808923,0.13661283155302173
118,1.966667,831.3574829101562,820.6361694335938,505.4815368652344,0.6789998345078768,0.6983674645186473,0.18009840138673688,0.1371374312797702
119,1.983333,831.3543701171875,820.6825561523438,505.394287109375,0.6791198433473747,0.6982707592281691,0.17949792175958726,0.13782119308271384
120,2.0,831.3328857421875,820.7245483398438,505.2679748535156,0.6793542941744376,0.6980969376410694,0.17861580400101273,0.13868959299090963
121,2.016667,831.2984008789062,820.7560424804688,505.121337890625,0.6796774182087506,0.6978542953033263,0.17753852969624206,0.13970705127903033
122,2.033333,831.2503662109375,820.768798828125,504.98486328125,0.6800386656903328,0.6975674138304473,0.17644525202189493,0.14076288348475688
123,2.05,831.176513671875,820.75244140625,504.8945007324219,0.680397855019972,0.6972501053337438,0.1755610367362585,0.14170170032993484
124,2.066667,831.0593872070312,820.6972045898438,504.8836364746094,0.6807422101457129,0.6968961194790413,0.17506802811574498,0.14239742804084823
125,2.083333,830.8888549804688,820.5994262695312,504.9737548828125,0.6810695610400941,0.6965045992428139,0.17501459854204807,0.14281276748045518
126,2.1,830.671875,820.4679565429688,505.1609802246094,0.6813731527342635,0.6961078151424283,0.17526933844772405,0.14298669669134284
127,2.116667,830.4293212890625,820.3278198242188,505.4044189453125,0.6816596815049034,0.6957578452384189,0.1755544050356515,0.1429746490550143
128,2.133333,830.1858520507812,820.2163696289062,505.6312561035156,0.6819631903934765,0.6954992514760225,0.17553998625643533,0.14280305098188
129,2.15,829.9619750976562,820.1691284179688,505.7630615234375,0.6823181546720356,0.6953629604266,0.17497160766459433,0.1424683318599967
130,2.166667,829.7689208984375,820.2031860351562,505.7438659667969,0.6827219275678882,0.695373543800935,0.173772453680279,0.1419490702387718
131,2.183333,829.6000366210938,820.3101196289062,505.55419921875,0.6831240818301658,0.6955481438114576,0.17207626331725767,0.14122332692193174
132,2.2,829.4261474609375,820.4633178710938,505.20843505859375,0.6834443644634871,0.6958942800419639,0.170163887786613,0.14028258260141171
133,2.216667,829.2025146484375,820.631591796875,504.7421569824219,0.6836011074237108,0.6964109412694621,0.16834501158961418,0.13914483059801616
134,2.233333,828.8848266601562,820.7911987304688,504.1979064941406,0.6835341215481023,0.6970858408038244,0.16686747026356008,0.13786835241682252
135,2.25,828.4432373046875,820.931396484375,503.6138916015625,0.6832125120661842,0.697894141914359,0.16589170781195464,0.13654439320992834
136,2.266667,827.8682861328125,821.054931640625,503.01580810546875,0.6826345699180215,0.6988005486919585,0.1654992269724963,0.13526951974543977
137,2.283333,827.167236328125,821.1714477539062,502.4140625,0.6818362921414345,0.6997547043579945,0.16568749939360666,0.13412783824534596
138,2.3,826.3526611328125,821.290283203125,501.810546875,0.6808973329840337,0.7006812847336007,0.16636973650973327,0.13321287450161468
139,2.316667,825.4349365234375,821.4148559570312,501.21319580078125,0.6799236203415601,0.7014845253987655,0.16742116856788947,0.13264042914231175
140,2.333333,824.4222412109375,821.5414428710938,500.64898681640625,0.6790038942889193,0.7020856660105766,0.1687509565055288,0.13248601360685616
141,2.35,823.3223266601562,821.6666259765625,500.1662902832031,0.6781611075968941,0.7024777628966462,0.17033672826021207,0.13269477677845432
142,2.366667,822.1388549804688,821.7981567382812,499.82293701171875,0.6773339296595275,0.7027518259728496,0.17220384232570396,0.13305809074262187
143,2.383333,820.8662719726562,821.9567260742188,499.6664123535156,0.6764022431158035,0.7030692796854765,0.17439340076856769,0.13326865812646438
144,2.4,819.5070190429688,822.1696166992188,499.7204895019531,0.6752310555044978,0.7036143335482932,0.17692307841426744,0.1329966752670596
145,2.416667,818.103759765625,822.4611206054688,499.98309326171875,0.6737022193904908,0.7045619930611353,0.1797344750196306,0.13195922101719712
146,2.433333,816.7403564453125,822.8519287109375,500.4326171875,0.6717140654118359,0.7060682073552923,0.1826921962870404,0.12996715856632968
147,2.45,815.4885864257812,823.3729248046875,501.04278564453125,0.6691332067864618,0.7083011675696437,0.1856608173194831,0.1268868334674908
148,2.466667,814.3484497070312,824.0847778320312,501.79766845703125,0.6657287874838441,0.7114980632781853,0.18857617187571607,0.12253454560809601
149,2.483333,813.243896484375,825.0763549804688,502.68841552734375,0.6611800703015237,0.7159383219637542,0.19144383259899542,0.11671543488161218
150,2.5,812.0794677734375,826.4349365234375,503.6936340332031,0.6551972700492837,0.7218007110048626,0.19426414751783344,0.10946100630822897
151,2.516667,810.7898559570312,828.2197875976562,504.7796936035156,0.6476340883097035,0.7290723086077038,0.19695637122249077,0.10115257938165004
152,2.533333,809.3471069335938,830.4611206054688,505.933349609375,0.6384734516087698,0.7376212188814556,0.19936033214131474,0.0923149338683859
153,2.55,807.7498168945312,833.1715698242188,507.1855773925781,0.6277457412485411,0.7473104566736194,0.2012999785157189,0.08331076965289116
154,2.566667,806.0234375,836.3391723632812,508.590576171875,0.6155234696739731,0.7579966464521806,0.20262447637438907,0.07426482223614429
155,2.583333,804.230224609375,839.8882446289062,510.1736145019531,0.6020582221640464,0.7694010381292569,0.2032044378282067,0.06523722938025586
156,2.6,802.46337890625,843.6541748046875,511.8926086425781,0.5878674629772191,0.7810447375792505,0.2029828179375636,0.05638208487288636
157,2.616667,800.8134765625,847.4132690429688,513.642333984375,0.5736197017199332,0.7923498987174046,0.20210362982353042,0.0479186666488851
158,2.633333,799.3534545898438,850.922607421875,515.2808837890625,0.5600319455643797,0.8027318502005117,0.2009490519798406,0.04006588485784919
159,2.65,798.15234375,853.93798828125,516.6646728515625,0.5479082331289555,0.8116073436877183,0.19998437313716827,0.033110998816189646
160,2.666667,797.2625122070312,856.257080078125,517.6968383789062,0.5381113207929888,0.8184695369439683,0.19946608101078395,0.027515560240532685
161,2.683333,796.6572265625,857.819580078125,518.38720703125,0.5312364140388693,0.8231268354967389,0.19920254268304138,0.023841813539632134
162,2.7,796.1565551757812,858.8467407226562,518.9047241210938,0.5268130373697988,0.8261472748139791,0.19862619639200574,0.022278646311817876
163,2.716667,795.4210205078125,859.8980712890625,519.5744018554688,0.522594659816245,0.8291716054468415,0.19718637052494176,0.022063669945203243
164,2.733333,794.0741577148438,861.655517578125,520.7631225585938,0.5152808289829599,0.8343452569561187,0.1946325776376515,0.0217213995770444
165,2.75,791.889404296875,864.5383911132812,522.7090454101562,0.5024727283085991,0.8430142506757807,0.19090456109480244,0.020089276165792175
166,2.766667,788.9044189453125,868.4953002929688,525.4157104492188,0.483954410604262,0.8549321963592582,0.18599637129981905,0.016864695322352838
167,2.783333,785.4273681640625,873.0737915039062,528.6407470703125,0.4615123881410837,0.8685742758221384,0.18009896704850584,0.012223135457917575
168,2.8,781.9136962890625,877.684326171875,531.9920043945312,0.43776584200127155,0.8821426538193953,0.1736233364568787,0.006351608219477972
169,2.816667,778.7467651367188,881.9091796875,535.1019897460938,0.4147990533135303,0.8944871219182178,0.16683604141222047,-0.0005190169190706223
170,2.833333,776.0975341796875,885.6190185546875,537.7412719726562,0.39356406905296526,0.9052974169624617,0.15963048005385916,-0.007875292333742234
171,2.85,773.9401245117188,888.8653564453125,539.8071899414062,0.3742060495374286,0.9147222105561853,0.15176063536475926,-0.014893607973958223
172,2.866667,772.1380004882812,891.738037109375,541.2717895507812,0.35659342880858197,0.9229943001242853,0.1431587306094064,-0.020693629911716194
173,2.883333,770.52197265625,894.3014526367188,542.156982421875,0.34056213682075526,0.930293084383236,0.13401650850832877,-0.0247342588335214
174,2.9,768.9470825195312,896.5841674804688,542.5286865234375,0.3259559817070559,0.936735002273885,0.12469242208517711,-0.02705611536910102
175,2.916667,767.3231811523438,898.5860595703125,542.4834594726562,0.3126431529309698,0.9423872335457971,0.11560950219851458,-0.028195814879044767
176,2.933333,765.61669921875,900.2951049804688,542.1314697265625,0.30052139499822855,0.9472922198090455,0.10718037681028336,-0.028925909914387735
177,2.95,763.8271484375,901.7073974609375,541.5796508789062,0.2894996029204757,0.951495771564962,0.0997288410492365,-0.029998914411365114
178,2.966667,761.9571533203125,902.8392944335938,540.9161376953125,0.27945717969928774,0.9550693289018669,0.09340723859747488,-0.03195855883878386
179,2.983333,759.9915771484375,903.7293701171875,540.2047119140625,0.2701988665861919,0.9581191612672454,0.08816097133354409,-0.0350412391563642
180,3.0,757.8966064453125,904.4290771484375,539.4884643554688,0.26146768110489255,0.9607701939575687,0.08378329386570954,-0.0391873169453886
181,3.016667,755.6406860351562,904.9888305664062,538.7966918945312,0.25301826928008275,0.9631340553092268,0.08002460871017711,-0.044165698397035574
182,3.033333,753.2254638671875,905.4468994140625,538.1533813476562,0.24469421713212897,0.9652819666120683,0.0766901835686396,-0.049740132487163635
183,3.05,750.7076416015625,905.8240966796875,537.58935546875,0.23648935148591763,0.9672282903226366,0.0736941338321306,-0.05577988590927312
184,3.066667,748.1957397460938,906.1231079101562,537.152099609375,0.2285663314898885,0.9689306035396271,0.07106767739136063,-0.06229207705467747
185,3.083333,745.8030395507812,906.3343505859375,536.8973388671875,0.2211371482195308,0.9703233509814937,0.06889504985011785,-0.06945810480806541
186,3.1,743.5797729492188,906.4500732421875,536.86181640625,0.21422933577896708,0.9713696313816114,0.06718812044184254,-0.07766973279693691
187,3.116667,741.5062866210938,906.4725341796875,537.049560546875,0.2076233248571002,0.9720704277301621,0.06583279301941533,-0.08739383199657462
188,3.133333,739.5542602539062,906.4110107421875,537.4454956054688,0.20104486366813423,0.9724282954841083,0.06466238630922322,-0.09890878995989275
189,3.15,737.725341796875,906.2761840820312,538.0316772460938,0.1943431677581227,0.9724233077011587,0.0635540096837652,-0.11218079888462038
190,3.166667,736.0352783203125,906.0775146484375,538.787353515625,0.18750740435139257,0.9720227760918687,0.06246634113535018,-0.12692774439507912
191,3.183333,734.4940185546875,905.8240356445312,539.6822509765625,0.1806178411542914,0.9712049083285762,0.061419123541973306,-0.1427091894678852
192,3.2,733.1055908203125,905.529296875,540.6721801757812,0.17381212363997367,0.9699806264436381,0.0604428717924418,-0.1589766940442919
193,3.216667,731.8745727539062,905.2147216796875,541.7009887695312,0.16727275075395207,0.9683998101430753,0.059543737620002174,-0.17514616147749934
194,3.233333,730.801025390625,904.9028930664062,542.719482421875,0.16113622063998206,0.9665180134511724,0.05869179250722906,-0.19087514653445783
195,3.25,729.8687744140625,904.6036987304688,543.7133178710938,0.15531925874344915,0.9643196091204274,0.05781676091351169,-0.20644815689824297
196,3.266667,729.0498046875,904.3109741210938,544.704345703125,0.14949861029954017,0.9616720953793124,0.05682386573210103,-0.2227285225796847
197,3.283333,728.321044921875,904.012939453125,545.720947265625,0.1433122937603987,0.9583759182497021,0.055631516737734865,-0.24058744797190146
198,3.3,727.6719970703125,903.7007446289062,546.773193359375,0.1365821628028268,0.9542791376362924,0.05421466303359139,-0.26030253665377595
199,3.316667,727.1050415039062,903.3740234375,547.838623046875,0.12946038053500433,0.9494315308812854,0.05264601112813496,-0.2811550738515084
200,3.333333,726.6322021484375,903.0458984375,548.8573608398438,0.12244875208225264,0.9442068281316309,0.051093833493565534,-0.30144516748827693
201,3.35,726.265625,902.7439575195312,549.7489624023438,0.11622756644850202,0.9392491317758912,0.049745012534987074,-0.3191044577933496
202,3.366667,726.0094604492188,902.5022583007812,550.442626953125,0.11142568558751857,0.9352515136756873,0.048718858307274585,-0.3324385591412688
203,3.383333,725.8592529296875,902.3452758789062,550.9055786132812,0.10841406574948581,0.9326691680971524,0.0480390912315465,-0.34068586548649027
204,3.4,725.7996215820312,902.264404296875,551.1740112304688,0.10700984714384791,0.9313939966375167,0.047644250571443,-0.34465075225411806
205,3.416667,725.80810546875,902.2027587890625,551.365234375,0.10625014837068597,0.9305864806273723,0.04741246120903792,-0.3470904299557535
206,3.433333,725.8705444335938,902.0757446289062,551.6246948242188,0.10470867815257057,0.9290021381537066,0.04721553682785326,-0.35179797200586677
207,3.45,725.998046875,901.8173828125,552.0328369140625,0.10121244027244022,0.9255621336655243,0.04699014437163386,-0.36177714824260676
208,3.466667,726.2210693359375,901.4026489257812,552.5663452148438,0.0951925067075437,0.919567602435255,0.04676051481379658,-0.37834807449299834
209,3.483333,726.562744140625,900.8384399414062,553.1272583007812,0.08653089817131641,0.9105724176094342,0.04661322922557384,-0.4014940632334923
210,3.5,727.0142211914062,900.1498413085938,553.5861206054688,0.07536808868906256,0.8982986774406881,0.04665067527106523,-0.4303520091883174
211,3.516667,727.5225219726562,899.3770141601562,553.8218383789062,0.062115227026378256,0.8827215119544335,0.046948547634864626,-0.46340076044318007
212,3.533333,727.9942626953125,898.5797729492188,553.7628784179688,0.04765374300635859,0.8643455764669984,0.047540733063373405,-0.4983730770408985
213,3.55,728.3218383789062,897.8392944335938,553.414794921875,0.03347216484447227,0.8444987323273042,0.048426890643791194,-0.5323122594312243
214,3.566667,728.4271850585938,897.2344360351562,552.844970703125,0.021252050237316012,0.8249941752854966,0.04958032667543946,-0.5625608876490353
215,3.583333,728.2940673828125,896.8046264648438,552.1292724609375,0.012084549513277136,0.8071233026339378,0.050934554634028795,-0.5880574879657422
216,3.6,727.9671630859375,896.5416259765625,551.3147583007812,0.006167373568050874,0.7910855101462632,0.052350077351623114,-0.6094301834838654
217,3.616667,727.5248413085938,896.4100341796875,550.4078979492188,0.0031079406743673155,0.7762481590333106,0.053607479636046215,-0.6281364297899236
218,3.633333,727.0535888671875,896.3668212890625,549.3762817382812,0.0022826987695417356,0.7616373899350348,0.05445353667260708,-0.6457074321107974
219,3.65,726.6375122070312,896.3721923828125,548.1649780273438,0.0030388077958759807,0.7463974552458785,0.05466805714560166,-0.6632443048964549
220,3.666667,726.3557739257812,896.394775390625,546.7232055664062,0.004771201384543566,0.7301650851057373,0.05413409130698055,-0.6811062210024563
221,3.683333,726.2791748046875,896.4140625,545.02490234375,0.006943081956697517,0.713221681904344,0.052861330450966415,-0.6989079380128937
222,3.7,726.4561767578125,896.4208374023438,543.0651245117188,0.009086693920781097,0.6963051040713054,0.050917770654274,-0.7158798884376047
223,3.716667,726.8973999023438,896.418701171875,540.8387451171875,0.010924022679125817,0.6801128191795821,0.0483575206495338,-0.7314292645996172
224,3.733333,727.5780029296875,896.4230346679688,538.3231811523438,0.012353914089997087,0.6648543269303808,0.0451146766338473,-0.7455070561173989
225,3.75,728.4564819335938,896.4544677734375,535.4880981445312,0.013473690452458803,0.6501891242920178,0.04105401910333041,-0.7585427673067837
226,3.766667,729.4820556640625,896.5299682617188,532.3385620117188,0.014472547980368046,0.6355420454482887,0.03607577294578501,-0.7710871496975715
227,3.783333,730.5885009765625,896.656982421875,528.9471435546875,0.015481972087451962,0.62051249910302,0.030256078925389007,-0.7834597096757872
228,3.8,731.7001342773438,896.8289794921875,525.4332275390625,0.016440905345199208,0.60505389101556,0.023906715119136585,-0.7956556758866072
229,3.816667,732.746826171875,897.021240234375,521.9290161132812,0.017076461248619758,0.5894395599758934,0.017556817686360655,-0.8074411172087891
230,3.833333,733.6740112304688,897.1919555664062,518.5662231445312,0.017008021300522348,0.574132615461363,0.011820293781997563,-0.8185003040499393
231,3.85,734.4503784179688,897.2951049804688,515.46240234375,0.015913022369223474,0.5595954484189786,0.007210815445881599,-0.8285817485127489
232,3.866667,735.0798950195312,897.2965698242188,512.7013549804688,0.013672824195875375,0.5461451939061568,0.0040375409561327815,-0.8375692086715837
233,3.883333,735.599365234375,897.189453125,510.324951171875,0.010455882555355844,0.5339498994310187,0.0023839388922696466,-0.8454481038200697
234,3.9,736.058837890625,897.0006713867188,508.334228515625,0.006738032194375831,0.5231017793589765,0.0020803123326634736,-0.8522410455113146
235,3.916667,736.4996948242188,896.7810668945312,506.6802978515625,0.003192403670070987,0.5135822552980642,0.0027293908405353912,-0.8580300845701163
236,3.933333,736.9454956054688,896.5803833007812,505.26177978515625,0.0004094158736749646,0.5051398296178249,0.0038360168802298415,-0.8630288928458953
237,3.95,737.3964233398438,896.4273681640625,503.959716796875,-0.001348123195378909,0.4973216641933283,0.004958704865767037,-0.8675510106811489
238,3.966667,737.82470703125,896.3291625976562,502.68768310546875,-0.002169087313624125,0.48965336678811083,0.005802535402975148,-0.8718951806474163
239,3.983333,738.1843872070312,896.2789916992188,501.3970031738281,-0.0023453544465623123,0.4817518211567565,0.006257702214383516,-0.8762822166902993
240,4.0,738.431396484375,896.2642211914062,500.04791259765625,-0.0021954596271868045,0.47334028407432144,0.006366999395865092,-0.880853913397766
241,4.016667,738.53955078125,896.2722778320312,498.58721923828125,-0.0019513365079319757,0.46419090269168606,0.006243646640358331,-0.8857110222983232
242,4.033333,738.51123046875,896.2947387695312,496.9466857910156,-0.0017326795216355472,0.45404357350634506,0.005992026430634198,-0.890957645906088
243,4.05,738.3778076171875,896.3277587890625,495.0630187988281,-0.001577657840731027,0.44266353798986685,0.005688849160274485,-0.8966683557064246
244,4.066667,738.1907958984375,896.369140625,492.9056396484375,-0.0014878383502761965,0.429990320142462,0.005400230797530022,-0.9028161210502169
245,4.083333,738.0125122070312,896.4155883789062,490.49951171875,-0.0014466649749718514,0.41623803561346123,0.005182401462325158,-0.9092397635300495
246,4.1,737.9089965820312,896.4620971679688,487.9330139160156,-0.0014229325527699518,0.4019121556488655,0.005062800571378567,-0.9156631271679597
247,4.116667,737.9396362304688,896.5042114257812,485.3263244628906,-0.0013868076574208932,0.3876203590008076,0.005031340613341929,-0.9218043282954571
248,4.133333,738.1452026367188,896.5399780273438,482.7668762207031,-0.0013276607730023857,0.37371935324436517,0.005041171921495821,-0.9275271796088472
249,4.15,738.541259765625,896.571044921875,480.27764892578125,-0.001251557311566886,0.36016832301511365,0.0050202996936442625,-0.9328729866877712
250,4.166667,739.115234375,896.6011352539062,477.8511657714844,-0.0011721639543763422,0.3467655279896388,0.004891293777910366,-0.9379383614475468
251,4.183333,739.8274536132812,896.6327514648438,475.4954833984375,-0.0011054144948866953,0.33346938570613494,0.004618363417773105,-0.9427489684825483
252,4.2,740.621826171875,896.6632690429688,473.2414855957031,-0.0010681893809551429,0.3204881930349072,0.004244275940739621,-0.9472423993985939
253,4.216667,741.4356079101562,896.6858520507812,471.1340026855469,-0.0010689964268752329,0.3082116027210662,0.0038772754873890414,-0.9513093250512928
254,4.233333,742.2059326171875,896.6943969726562,469.23101806640625,-0.0011046835387925236,0.29712460165426396,0.003623047323591239,-0.9548312019902603
255,4.25,742.883544921875,896.6881713867188,467.57958984375,-0.0011676297797848928,0.2875999776405054,0.003526958306089544,-0.9577434155696323
256,4.266667,743.4552001953125,896.6734008789062,466.1688232421875,-0.001249932698436454,0.27957889266011,0.003558606823319546,-0.9601153143058773
257,4.283333,743.9486694335938,896.6613159179688,464.9196472167969,-0.0013442574571821849,0.2725295040077007,0.003632600558496318,-0.9621396294875229
258,4.3,744.4132080078125,896.6613159179688,463.7239074707031,-0.001445987093318235,0.2657765660362229,0.0036645475030458656,-0.9640266060430683
259,4.316667,744.898681640625,896.6770629882812,462.47576904296875,-0.0015541040380489882,0.25877348786225096,0.0036140840491446597,-0.9659300208279739
260,4.333333,745.444580078125,896.7070922851562,461.0857849121094,-0.0016690775639833222,0.25118411064465546,0.003476810657963272,-0.9679316445531614
261,4.35,746.0701293945312,896.747802734375,459.4971923828125,-0.0017888499193739421,0.2429250232903593,0.0032640065027568516,-0.9700379267517812
262,4.366667,746.769287109375,896.79443359375,457.69091796875,-0.0019104699386617227,0.2341295213012789,0.0029915758290821317,-0.9721989342896372
263,4.383333,747.5115966796875,896.8417358398438,455.67645263671875,-0.0020323049111306284,0.22503256745861916,0.0026837307732271607,-0.9743454268938029
264,4.4,748.2536010742188,896.8843383789062,453.4765930175781,-0.0021534439578438157,0.2158526958710513,0.0023734538750458476,-0.9764206793595797
265,4.416667,748.9635620117188,896.9180908203125,451.1005554199219,-0.002272886908969258,0.20667407453757805,0.002096426371342872,-0.9784049600730795
266,4.433333,749.64208984375,896.942138671875,448.5335388183594,-0.0023909275394356925,0.19742192749142082,0.0018753398568912547,-0.9803139033551929
267,4.45,750.3174438476562,896.9598388671875,445.7707214355469,-0.0025087427483220246,0.18799674753802897,0.001704516975250011,-0.982164967684567
268,4.466667,751.0201416015625,896.9764404296875,442.85858154296875,-0.0026237043574665595,0.17841427961400197,0.0015456090386660255,-0.9839507467845944
269,4.483333,751.7576293945312,896.996826171875,439.90142822265625,-0.0027208513507871587,0.16882066058776468,0.0013506571016010007,-0.9856421040377848
270,4.5,752.508544921875,897.0238037109375,437.02484130859375,-0.0027762797950068464,0.15938664541977632,0.001088125083051616,-0.9872117328699725
271,4.516667,753.2362670898438,897.0574951171875,434.3208923339844,-0.002774623096665701,0.15017692085359485,0.0007650991523465241,-0.9886549491773617
272,4.533333,753.9056396484375,897.0960083007812,431.8235168457031,-0.0027203535310967504,0.14112832048945936,0.0004330561592684864,-0.9899874793626701
273,4.55,754.4917602539062,897.1351928710938,429.51800537109375,-0.0026305273534712164,0.13211529530826438,0.0001793878144620574,-0.9912308494450043
274,4.566667,754.988525390625,897.1704711914062,427.3561706542969,-0.0025244530371769268,0.12299480466343952,9.023344672884587e-05,-0.9924040996593024
275,4.583333,755.4153442382812,897.1990356445312,425.2739562988281,-0.0024167021447887363,0.11365175427392891,0.00019566677734703434,-0.9935176898353215
276,4.6,755.8151245117188,897.2221069335938,423.2285461425781,-0.0023155666644717426,0.104118879202977,0.0004308417367949797,-0.9945620702198209
277,4.616667,756.2462768554688,897.2433471679688,421.2185363769531,-0.0022285951317164232,0.0946323318179369,0.0006766909950640387,-0.9955095666178885
278,4.633333,756.7728881835938,897.265869140625,419.2461853027344,-0.0021649405922610316,0.08543196198631693,0.0008529215473229449,-0.9963412896333438
279,4.65,757.456787109375,897.2901000976562,417.2774963378906,-0.002130787428090346,0.0765425395897927,0.0009509078061417534,-0.9970635863135439
280,4.666667,758.3429565429688,897.3148193359375,415.2621765136719,-0.0021270439996657967,0.0678321442390127,0.0010061160739395897,-0.9976939729306813
281,4.683333,759.4454345703125,897.3386840820312,413.17498779296875,-0.002149260281142157,0.05919352336900865,0.0010742084037379674,-0.9982436343637319
282,4.7,760.7404174804688,897.3610229492188,411.031005859375,-0.0021872658263792145,0.050628567762804486,0.0011951505216519108,-0.9987144414745001
283,4.716667,762.1746215820312,897.3826293945312,408.87677001953125,-0.0022283320414758544,0.042240430858128626,0.0013551881277412024,-0.9991040706564914
284,4.733333,763.683349609375,897.4056396484375,406.7709045410156,-0.0022635253002568838,0.034207028584386935,0.0014833260640568632,-0.9994111042971405
285,4.75,765.2092895507812,897.4317626953125,404.7615661621094,-0.0022891780327208094,0.02676487404300005,0.0015114806874804527,-0.9996379927791501
286,4.766667,766.7176513671875,897.460205078125,402.8660583496094,-0.0023048046550313826,0.020153776113628664,0.0014301649851307615,-0.9997932125254597
287,4.783333,768.2030029296875,897.4891967773438,401.0674743652344,-0.0023116679509948214,0.014532718554243517,0.0012767974012978744,-0.9998909070849198
288,4.8,769.6766357421875,897.5176391601562,399.341796875,-0.002307194036338501,0.010001304996849852,0.0010864993448009533,-0.9999467337179578
289,4.816667,771.1448974609375,897.5444946289062,397.6926574707031,-0.0022793022843339067,0.0067093100147958325,0.0008653571778655607,-0.9999745202239788
290,4.833333,772.60546875,897.5673217773438,396.1485900878906,-0.0022154673073015193,0.00484328111134023,0.0006094996030503626,-0.9999856313182308
291,4.85,774.0493774414062,897.5828857421875,394.7376708984375,-0.002119603923773973,0.00445786089960942,0.00033914915935008994,-0.9999877597917156
292,4.866667,775.4451904296875,897.58837890625,393.4820251464844,-0.0020147133221069557,0.005340746532075685,0.00011413691616295505,-0.9999837020319253
293,4.883333,776.7340698242188,897.5830688476562,392.4032897949219,-0.0019278407777044283,0.007046520778433977,4.523247628823675e-06,-0.9999733146211427
294,4.9,777.8578491210938,897.568359375,391.5115966796875,-0.0018764515053378457,0.009074713191091082,4.847679497242861e-05,-0.9999570621582947
295,4.916667,778.7904052734375,897.5479125976562,390.7894592285156,-0.001869873358632134,0.011048718902344393,0.00023655369932168793,-0.999937184740415
296,4.933333,779.5493774414062,897.52734375,390.1868896484375,-0.0019140562914238468,0.012777300727951177,0.0005226880510825434,-0.9999163983912964
297,4.95,780.1917724609375,897.5142211914062,389.6257629394531,-0.002006928111920459,0.014213536184614186,0.0008340758901527328,-0.9998966206293988
298,4.966667,780.7994384765625,897.5145263671875,389.0107116699219,-0.0021346331041913733,0.015389492792637311,0.001092465780675967,-0.9998786993288805
299,4.983333,781.45654296875,897.5305786132812,388.24658203125,-0.0022773834754348044,0.016369449164615038,0.00123439915359445,-0.9998626560269578
300,5.0,782.2259521484375,897.5613403320312,387.258544921875,-0.0024170876390642486,0.0172308965775536,0.001222786702994446,-0.9998478677694711
301,5.016667,783.1328125,897.6028442382812,386.001953125,-0.002540165903141851,0.018058122983442892,0.0010516093557999579,-0.9998331590166742
302,5.033333,784.1564331054688,897.6497192382812,384.46075439453125,-0.0026388728565890068,0.018911905475127447,0.0007496718917022879,-0.9998173904135702
303,5.05,785.23095703125,897.696533203125,382.6427001953125,-0.0027104748244762542,0.01978307681756674,0.0003706279726102819,-0.9998005530268335
304,5.066667,786.2536010742188,897.7389526367188,380.5804138183594,-0.0027493140109074504,0.020584317750718756,-1.907811758382383e-05,-0.9997843401310267
305,5.083333,787.1091918945312,897.775146484375,378.3367004394531,-0.00274237467974718,0.021196996097193208,-0.0003697904835452809,-0.9997714888876206
306,5.1,787.7097778320312,897.8062744140625,375.9892272949219,-0.002676293619692475,0.021539312973356744,-0.0006681651223485776,-0.9997641967006352
307,5.116667,788.0294799804688,897.8350219726562,373.5968933105469,-0.002548695753646904,0.0216044412549124,-0.0009306452493344812,-0.9997629149790656
308,5.133333,788.10400390625,897.8645629882812,371.18255615234375,-0.00237841650818438,0.021434015158337035,-0.0011775327390120638,-0.9997667425683625
309,5.15,787.9977416992188,897.8980712890625,368.7433166503906,-0.002202898732631579,0.021040644204260623,-0.001413520661681018,-0.9997751949753417
310,5.166667,787.7679443359375,897.9374389648438,366.2625732421875,-0.0020600421477898166,0.020322057206920027,-0.0016284021957569711,-0.9997900372195738
311,5.183333,787.445556640625,897.9812622070312,363.70513916015625,-0.0019716708248816092,0.019017907007626733,-0.00181393542405397,-0.9998155536725187
312,5.2,787.0332641601562,898.0258178710938,360.9957580566406,-0.001939472645608486,0.016739632908054632,-0.0019733673075680923,-0.9998560541185066
313,5.216667,786.51318359375,898.0684204101562,358.0052185058594,-0.0019482712004213702,0.013060758379305008,-0.0021091068283850397,-0.9999105822513699
314,5.233333,785.8592529296875,898.1096801757812,354.58563232421875,-0.0019744556407561356,0.00765529153174835,-0.0022080382082414096,-0.9999663107343953
315,5.25,785.0545654296875,898.1506958007812,350.64886474609375,-0.0019960252530082756,0.000464932017049467,-0.002247572558877063,-0.999995374058801
316,5.266667,784.1095581054688,898.1904296875,346.229248046875,-0.001999343880341654,-0.00817422510624279,-0.0022191587941632934,-0.9999621292840079
317,5.283333,783.0675659179688,898.2265014648438,341.490966796875,-0.001983823810883478,-0.01754210702531018,-0.0021450529315515878,-0.9998418563313505
318,5.3,781.9867553710938,898.2582397460938,336.6611633300781,-0.001959322626831586,-0.02674806079253795,-0.0020561316283144145,-0.9996381718509001
319,5.316667,780.9075927734375,898.2882080078125,331.92510986328125,-0.0019355363285270021,-0.0350351454018334,-0.001967309709256107,-0.9993822701940941
320,5.333333,779.8392944335938,898.3207397460938,327.3739318847656,-0.0019161929505744292,-0.04194576048286663,-0.0018943867343228463,-0.999116255838624
321,5.35,778.768310546875,898.3598022460938,323.02227783203125,-0.001900902310778874,-0.04731020871608812,-0.0018658585408410746,-0.9988766937382967
322,5.366667,777.6710205078125,898.4085083007812,318.8383483886719,-0.001888629111187267,-0.051181355545529564,-0.0019006856194044412,-0.9986857810736962
323,5.383333,776.5195922851562,898.466796875,314.75811767578125,-0.0018805175333521443,-0.053774242751025485,-0.0019823570646892376,-0.9985493802165362
324,5.4,775.2802124023438,898.5311279296875,310.6845703125,-0.0018789864691516128,-0.05540893084424303,-0.0020638858721132446,-0.998459844043642
325,5.416667,773.91650390625,898.5962524414062,306.5003662109375,-0.0018873381270890011,-0.05645366896198734,-0.0020973692369436942,-0.9984012331011056
326,5.433333,772.4047241210938,898.6580810546875,302.1199951171875,-0.0019133390108354012,-0.05726865058955048,-0.0020558629053541275,-0.9983548538576833
327,5.45,770.7423706054688,898.7145385742188,297.5133056640625,-0.001967039395254783,-0.058167403926101174,-0.0019510403470538932,-0.9983029987524226
328,5.466667,768.9332275390625,898.7671508789062,292.660400390625,-0.0020544895739541993,-0.05940480779723801,-0.0018361789359573953,-0.9982301720194993
329,5.483333,766.9844360351562,898.8223266601562,287.5385437011719,-0.0021754034528421702,-0.06116408183401658,-0.0017916698239674922,-0.9981237461519793
330,5.5,764.9202880859375,898.8882446289062,282.1679992675781,-0.0023216096032070994,-0.06352444970652607,-0.0018835461095626038,-0.9979758046527915
331,5.516667,762.7900390625,898.9686889648438,276.6454162597656,-0.002473951383370511,-0.06642440596969985,-0.002125788704987299,-0.9977861288264669
332,5.533333,760.6622314453125,899.0598754882812,271.1329650878906,-0.002607010096523301,-0.06966248846732075,-0.002475703118843686,-0.9975641393378997
333,5.55,758.5988159179688,899.1520385742188,265.79071044921875,-0.0026960199347120218,-0.07295518706992928,-0.0028633816490129258,-0.9973274653801707
334,5.566667,756.6214599609375,899.2347412109375,260.6967468261719,-0.002716391576135457,-0.07601269654136232,-0.003221003205510419,-0.9970979472046194
335,5.583333,754.6975708007812,899.3009643554688,255.80838012695312,-0.002645523052458368,-0.07860585565174617,-0.003500494864061241,-0.9968961165541487
336,5.6,752.7511596679688,899.3483276367188,250.97500610351562,-0.002475386734710636,-0.08061270014574683,-0.003686941354186409,-0.9967356076207853
337,5.616667,750.699462890625,899.378173828125,246.0164337158203,-0.002228835073026743,-0.08200243439427055,-0.003789407421893199,-0.9966224327392101
338,5.633333,748.4925537109375,899.392822265625,240.82778930664062,-0.0019673953456384678,-0.0827658835783952,-0.0038125902760114197,-0.996559783468322
339,5.65,746.1212768554688,899.3958129882812,235.4070281982422,-0.0017888001627560674,-0.08287524766894185,-0.0037480443447610364,-0.9965512759920482
340,5.666667,743.5840454101562,899.3968505859375,229.77781677246094,-0.0018296319596907468,-0.08231714227363694,-0.0035772602159520506,-0.9965980853604633
341,5.683333,740.8651733398438,899.4160766601562,223.9390869140625,-0.002275376904289621,-0.08116653278775678,-0.0032625534535626038,-0.9966926167882052
342,5.7,737.9623413085938,899.4866333007812,217.92105102539062,-0.0033529007948431733,-0.07964768656495004,-0.0027349322179909138,-0.9968136858143924
343,5.716667,734.9081420898438,899.6581420898438,211.8162384033203,-0.005283479366298694,-0.07814350959063074,-0.0019311757691416894,-0.9969262496869031
344,5.733333,731.7540283203125,900.0006713867188,205.72015380859375,-0.008209613912658861,-0.07713901727463084,-0.0008716524073342108,-0.996986165638917
345,5.75,728.556640625,900.6056518554688,199.693359375,-0.012123040777299974,-0.07711092690406783,0.0002706668815759593,-0.9969487768053816
346,5.766667,725.3847045898438,901.5848388671875,193.78025817871094,-0.01681590674997767,-0.07840349387325149,0.0011466704930167067,-0.996779214558281
347,5.783333,722.3181762695312,903.069091796875,188.02096557617188,-0.021889642337821855,-0.08116177477579756,0.00127943368033143,-0.9964597196691006
348,5.8,719.423828125,905.2075805664062,182.42938232421875,-0.02684173624667561,-0.0853877345272147,0.00017771074915461527,-0.9959861567343512
349,5.816667,716.7156372070312,908.1734619140625,176.94842529296875,-0.03120622784368933,-0.09108480179095851,-0.0025294766024456547,-0.9953508587300194
350,5.833333,714.1321411132812,912.1599731445312,171.42645263671875,-0.03468110033319535,-0.09834138434431312,-0.007006994317205223,-0.9945235519763026
351,5.85,711.5700073242188,917.3156127929688,165.68934631347656,-0.03716331078736326,-0.10722992332489027,-0.013131919986690773,-0.9934526584354804
352,5.866667,708.95654296875,923.6209106445312,159.6849822998047,-0.03869751021078609,-0.11758651235482773,-0.020413643694080254,-0.9920983811935414
353,5.883333,706.2891845703125,930.8273315429688,153.54928588867188,-0.039428685476016134,-0.12891872360033677,-0.02803297735736769,-0.9904743780872752
354,5.9,703.6011352539062,938.5779418945312,147.500732421875,-0.0395799161150006,-0.1406252144041322,-0.035080602593964554,-0.9886492455040694
355,5.916667,700.8849487304688,946.6521606445312,141.6515350341797,-0.039407386151492675,-0.15240563232023105,-0.040843297590913846,-0.9866870862617377
356,5.933333,698.0451049804688,955.1130981445312,135.9124298095703,-0.03912607349282306,-0.164520717531572,-0.04490999693233503,-0.9845736011347596
357,5.95,694.9270629882812,964.2095947265625,130.07736206054688,-0.03884316412862436,-0.17767418867241677,-0.04708027849428887,-0.9821947559710221
358,5.966667,691.4019165039062,974.1363525390625,123.9951171875,-0.03852019895919419,-0.19260684534373243,-0.047256104520562524,-0.9793802417776364
359,5.983333,687.4452514648438,984.8591918945312,117.68099975585938,-0.03796677813601021,-0.20966965580800898,-0.045467509314029646,-0.9759763648716606
360,6.0,683.1602783203125,996.09814453125,111.31649017333984,-0.03687045503431189,-0.2286225690535688,-0.041970052078979594,-0.9719109039379055
361,6.016667,678.7095336914062,1007.4944458007812,105.14269256591797,-0.034870394639178084,-0.2488843081751674,-0.03720557604849832,-0.9671899512674724
362,6.033333,674.2039794921875,1018.8287963867188,99.33057403564453,-0.031681567299749594,-0.269981460400573,-0.03162239532374568,-0.9618244712250743
363,6.05,669.6774291992188,1030.036865234375,93.96916961669922,-0.027228965972656564,-0.291609019426435,-0.025573950159735813,-0.9558078971605329
364,6.066667,665.1036987304688,1041.1497802734375,89.10997772216797,-0.021669316751359198,-0.31354248338414564,-0.019303067354714223,-0.9491306250540709
365,6.083333,660.365966796875,1052.382080078125,84.73932647705078,-0.015276760263138026,-0.33583534820612704,-0.012897615960759636,-0.9417084957637692
366,6.1,655.2728271484375,1064.1090087890625,80.77877807617188,-0.00838027834615613,-0.3587847731556876,-0.0063227254224108125,-0.9333612808712903
367,6.116667,649.6729736328125,1076.5994873046875,77.17826843261719,-0.0014294521048529274,-0.38243304162611463,0.0004179078999210955,-0.9239820077751869
368,6.133333,643.55859375,1089.786376953125,73.98319244384766,0.004963208796621294,-0.4061851518718809,0.007156747953657558,-0.9137492927034121
369,6.15,637.0895385742188,1103.2423095703125,71.31803131103516,0.010070280614417292,-0.4288591467655541,0.013588428117000608,-0.9032130293043701
370,6.166667,630.521240234375,1116.3572998046875,69.31918334960938,0.013172187638068811,-0.4491473028881322,0.01941992573156582,-0.8931495173069984
371,6.183333,624.0785522460938,1128.60888671875,68.06182861328125,0.01374196195230631,-0.4662061663018203,0.02452384186430047,-0.8842293538240379
372,6.2,617.8865966796875,1139.6923828125,67.53067016601562,0.011612355048991496,-0.47989763191921225,0.028975526426292565,-0.8767689746774048
373,6.216667,611.9841918945312,1149.4742431640625,67.63984680175781,0.007051876858951006,-0.49063652835896426,0.03300385040653002,-0.8707105224648276
374,6.233333,606.3642578125,1157.908447265625,68.2695541381836,0.0007345706379105893,-0.49914771004131386,0.036951194872202435,-0.8657283830186042
375,6.25,601.0066528320312,1164.9835205078125,69.29916381835938,-0.006393401401630128,-0.5062548296698125,0.041238800834690545,-0.8613736315677555
376,6.266667,595.8989868164062,1170.6939697265625,70.63092041015625,-0.013334784072573776,-0.512687982200558,0.04631761291711075,-0.8572210305251026
377,6.283333,591.0419921875,1175.032470703125,72.20315551757812,-0.01931788893535964,-0.5189229375374407,0.052635442469780316,-0.852980254320465
378,6.3,586.43408203125,1177.999267578125,73.99336242675781,-0.024046217958047678,-0.5251078557968974,0.06064086599872654,-0.8485317934840293
379,6.316667,582.0639038085938,1179.611572265625,76.00299835205078,-0.027795178884321002,-0.5310667131945519,0.07076198685746551,-0.8439125045782341
380,6.333333,577.950439453125,1179.89208984375,78.22014617919922,-0.03126210344557744,-0.5363194781785406,0.08327775274682456,-0.8393145501609599
381,6.35,574.1729125976562,1178.858642578125,80.59461975097656,-0.03519338964305818,-0.5402055243244906,0.09822722800595568,-0.8350394173289066
382,6.366667,570.8255615234375,1176.5457763671875,83.05599975585938,-0.03995136634676907,-0.5421888284440063,0.11547452675443741,-0.8313247237442063
383,6.383333,567.9613647460938,1173.0350341796875,85.54212951660156,-0.045305836266337524,-0.5421258497538922,0.13476842486104754,-0.828181390692462
384,6.4,565.5872192382812,1168.4727783203125,88.00593566894531,-0.05058149244753857,-0.5402966720282161,0.15566487415155544,-0.825402608290278
385,6.416667,563.68310546875,1163.072021484375,90.40992736816406,-0.05502610751966193,-0.53723583728492,0.1774561523090821,-0.8227144684735169
386,6.433333,562.215087890625,1157.1021728515625,92.72061157226562,-0.058148673896787836,-0.5335113190444856,0.19919362933225204,-0.8199428652100728
387,6.45,561.14208984375,1150.8651123046875,94.9050521850586,-0.05988537261075036,-0.5295737989402638,0.21980864315623566,-0.8170982156491734
388,6.466667,560.4188842773438,1144.6591796875,96.92891693115234,-0.06056597913022693,-0.5257000684243952,0.23828447779711276,-0.8143658317190993
389,6.483333,560.00390625,1138.725341796875,98.75970458984375,-0.060743442154774396,-0.5219908743060855,0.25382358635015195,-0.8120402381586178
390,6.5,559.8680419921875,1133.1895751953125,100.37648010253906,-0.060983886804590964,-0.5184129511341937,0.2659707609857125,-0.8104249082717176
391,6.516667,559.9993896484375,1128.05078125,101.77348327636719,-0.06169976205516148,-0.5148864469359726,0.2746461439652228,-0.8097250037691934
392,6.533333,560.402587890625,1123.2510986328125,102.9463882446289,-0.06306611882283072,-0.5114082332897588,0.2799949755964743,-0.8099920352823242
393,6.55,561.0938110351562,1118.7777099609375,103.87763977050781,-0.06502189852271215,-0.5081453146840866,0.28213547308023657,-0.8111473766874326
394,6.566667,562.09228515625,1114.6986083984375,104.54171752929688,-0.06734055398353839,-0.5054252436039901,0.28106324703588775,-0.8130276896162154
395,6.583333,563.4065551757812,1111.134765625,104.92207336425781,-0.06972514514660932,-0.5036311203666599,0.27675477564439105,-0.8154145527831409
396,6.6,565.0148315429688,1108.22900390625,105.02301025390625,-0.07187446274459042,-0.5030690558382026,0.2693305992451135,-0.8180566086607356
397,6.616667,566.850341796875,1106.1220703125,104.87364959716797,-0.07350215287107897,-0.5038813049075073,0.25916644514354703,-0.8206910611184216
398,6.633333,568.811279296875,1104.9163818359375,104.52556610107422,-0.07433823450977889,-0.5060551724611768,0.24683957917692878,-0.8230748516793684
399,6.65,570.794189453125,1104.6412353515625,104.04517364501953,-0.07413473173123925,-0.5094886270986393,0.23292940661771966,-0.8250268310430867
400,6.666667,572.721435546875,1105.24951171875,103.50318145751953,-0.07268117806135796,-0.5140215713853908,0.2178783362331056,-0.8264552626164349
401,6.683333,574.5474853515625,1106.643310546875,102.96517944335938,-0.0698237337601552,-0.5194240917229915,0.2019771714036399,-0.8273623640058333
402,6.7,576.2556762695312,1108.6990966796875,102.48760223388672,-0.06548497546381657,-0.5254040512079322,0.1853902688793071,-0.8278241052105538
403,6.716667,577.8516845703125,1111.280517578125,102.11934661865234,-0.0596683165175986,-0.531648239860953,0.16818237708831968,-0.8279520089314528
404,6.733333,579.3565673828125,1114.243408203125,101.90291595458984,-0.05245815552198632,-0.5378512369055507,0.150369188391192,-0.8278606743051481
405,6.75,580.80078125,1117.439453125,101.87144470214844,-0.04402906031599371,-0.5437060982103445,0.13198196410527782,-0.8276629034622047
406,6.766667,582.2197875976562,1120.7176513671875,102.046142578125,-0.03464415072553351,-0.5489087623763107,0.11311890193770324,-0.8274678648935084
407,6.783333,583.6492919921875,1123.9239501953125,102.43682098388672,-0.024620672020883375,-0.5531904825209316,0.0939674878414968,-0.8273718775654979
408,6.8,585.1234130859375,1126.9046630859375,103.0434799194336,-0.01428239864445599,-0.5563509858910384,0.0748000631745748,-0.8274506294251701
409,6.816667,586.6752319335938,1129.512939453125,103.85702514648438,-0.003929857045190485,-0.558270495510297,0.055947318543231386,-0.8277611416429949
410,6.833333,588.3347778320312,1131.6148681640625,104.85963439941406,0.006166466086132423,-0.5589074075981023,0.03777393374223303,-0.8283463130585026
411,6.85,590.1256103515625,1133.0899658203125,106.02670288085938,0.015768410930965697,-0.558287907955415,0.02065216644013327,-0.8292402891012998
412,6.866667,592.0641479492188,1133.8304443359375,107.32926177978516,0.024663048734441258,-0.5564933403422576,0.004944511422276206,-0.8304712204457381
413,6.883333,594.16259765625,1133.7423095703125,108.73542022705078,0.03265729971158978,-0.5536463393330452,-0.009012230360053216,-0.8320625045167
414,6.9,596.4318237304688,1132.749267578125,110.21145629882812,0.03959476075171521,-0.5499141260579125,-0.020937651432192242,-0.8340193784532113
415,6.916667,598.8782958984375,1130.796630859375,111.72355651855469,0.04538149183193997,-0.5455229802152852,-0.03063788120330501,-0.8363052782874885
416,6.933333,601.4971923828125,1127.8555908203125,113.24066162109375,0.04999781956363143,-0.5407637623664318,-0.03802253021661742,-0.838826000161005
417,6.95,604.2708740234375,1123.926025390625,114.73645782470703,0.05347770153874809,-0.5359580068871828,-0.04309823388646483,-0.8414461911064299
418,6.966667,607.1722412109375,1119.0408935546875,116.18848419189453,0.055872073357243944,-0.5314039619261681,-0.045964714444863664,-0.8440233324345582
419,6.983333,610.1688842773438,1113.267333984375,117.57624053955078,0.05722488590080086,-0.5273429272752029,-0.046817276995671626,-0.8464294962140503
420,7.0,613.2271118164062,1106.70703125,118.88115692138672,0.057575352225581536,-0.5239348004219041,-0.04594559486508902,-0.8485672666533001
421,7.016667,616.3161010742188,1099.4918212890625,120.08672332763672,0.05696276421386114,-0.5212391168763664,-0.04370721280604343,-0.8503850340168205
422,7.033333,619.4073486328125,1091.7779541015625,121.17742919921875,0.0554364787288791,-0.5192239964642217,-0.040491336746272165,-0.8518765696803524
423,7.05,622.4713134765625,1083.7393798828125,122.13837432861328,0.05307667361254223,-0.5178114897304442,-0.03668847263413569,-0.8530580776225849
424,7.066667,625.4750366210938,1075.5623779296875,122.95773315429688,0.05001568180520989,-0.5169190077761469,-0.032663576926930935,-0.8539474584045684
425,7.083333,628.380859375,1067.438232421875,123.6307373046875,0.04643365777611553,-0.5164659707358755,-0.02872636476689819,-0.8545651598705973
426,7.1,631.148681640625,1059.5494384765625,124.16194915771484,0.04252411906630855,-0.5163631563367329,-0.025108490875147372,-0.8549446495309353
427,7.116667,633.7449951171875,1052.0452880859375,124.56454467773438,0.038446314612339244,-0.5165148383775986,-0.0219512106071277,-0.8551329995862479
428,7.133333,636.1595458984375,1045.0013427734375,124.8584976196289,0.034299098795818356,-0.5168329633879023,-0.019315291231346576,-0.8551807874959085
429,7.15,638.4244384765625,1038.3719482421875,125.06982421875,0.03009942703852569,-0.5172419793933979,-0.017193967990138472,-0.8551369052437781
430,7.166667,640.6173706054688,1031.97998046875,125.23072814941406,0.02577336775978914,-0.517666959490552,-0.015531836211339429,-0.8550528724178582
431,7.183333,642.833740234375,1025.600341796875,125.37781524658203,0.021211487717039876,-0.5180167704981757,-0.014251474586906492,-0.8549886512367101
432,7.2,645.1466674804688,1019.0765991210938,125.54764556884766,0.016367074163208917,-0.518180784470296,-0.013285849327271492,-0.8550112746021177
433,7.216667,647.591796875,1012.3587036132812,125.77296447753906,0.011295543007820031,-0.5180475292082982,-0.012589513481988678,-0.8551845837827193
434,7.233333,650.1748657226562,1005.4701538085938,126.08255767822266,0.006129224733395274,-0.5175354911020642,-0.012130899306965577,-0.8555537910242216
435,7.25,652.8787231445312,998.4814453125,126.50041198730469,0.001048496112113724,-0.5166129568029759,-0.01188590310235252,-0.8561358997417589
436,7.266667,655.6561889648438,991.5199584960938,127.03953552246094,-0.0037345041888200373,-0.515308087434969,-0.011828940290473227,-0.8569152260720907
437,7.283333,658.4240112304688,984.7826538085938,127.69554901123047,-0.00799703414797148,-0.5136992485257925,-0.011920064358281999,-0.8578502442586158
438,7.3,661.0836181640625,978.4846801757812,128.4498291015625,-0.01155372383394523,-0.511891306378725,-0.0120973159616075,-0.8588873365383706
439,7.316667,663.5614624023438,972.76318359375,129.2814483642578,-0.014312380909631849,-0.509987689759341,-0.012278949069904427,-0.8599749644358065
440,7.333333,665.8285522460938,967.6398315429688,130.1759033203125,-0.016276311851642817,-0.5080746530233041,-0.012388831595217278,-0.861070116471047
441,7.35,667.8876953125,963.0596923828125,131.1256103515625,-0.0175165259805468,-0.5062185229085122,-0.012377514222111096,-0.8621384897587965
442,7.366667,669.75439453125,958.9403686523438,132.12571716308594,-0.01815209895234817,-0.5044686080898046,-0.012232851409791426,-0.8631525253985793
443,7.383333,671.4456787109375,955.2037353515625,133.17031860351562,-0.018339000471452406,-0.5028515099904907,-0.011969199126437478,-0.8640953525128251
444,7.4,672.9777221679688,951.789794921875,134.251220703125,-0.018241196842920745,-0.5013592142871471,-0.01162023708393398,-0.8649688821438755
445,7.416667,674.3663940429688,948.65869140625,135.35848999023438,-0.017993885144875096,-0.4999612839542109,-0.011236683673379346,-0.8657878906431266
446,7.433333,675.6253051757812,945.7860107421875,136.4811553955078,-0.017680217846353666,-0.49863475631562004,-0.010889969215485622,-0.8665634415675828
447,7.45,676.7659912109375,943.1572875976562,137.60821533203125,-0.01733752431016193,-0.49737214395197243,-0.010660255492855805,-0.8672985181725148
448,7.466667,677.7998657226562,940.7626342773438,138.7279510498047,-0.016977614327306496,-0.49616823631863005,-0.010612675654722615,-0.8679955143868319
449,7.483333,678.7379150390625,938.5910034179688,139.826416015625,-0.01660473023334025,-0.4950222242281231,-0.01077673771892004,-0.8686547889571884
450,7.5,679.5888061523438,936.6261596679688,140.88778686523438,-0.01621824216362244,-0.4939472245419438,-0.011142006142789113,-0.8692692124351045
451,7.516667,680.3594360351562,934.8456420898438,141.89657592773438,-0.015807175692207125,-0.49297476813108887,-0.011668409179523706,-0.8698217400191571
452,7.533333,681.0552368164062,933.2215576171875,142.83937072753906,-0.015353335572483268,-0.4921543381577203,-0.012296417083081362,-0.8702856890965482
453,7.55,681.6802978515625,931.7225952148438,143.7060089111328,-0.014844330724522282,-0.49154820512907044,-0.012955973500970882,-0.8706274465179538
454,7.566667,682.2377319335938,930.3155517578125,144.4907989501953,-0.014290298231830732,-0.491215201407024,-0.013567137891464732,-0.8708153340706261
455,7.583333,682.7286376953125,928.9663696289062,145.19297790527344,-0.013726074228149216,-0.491200031780177,-0.014044442885814485,-0.8708254000024709
456,7.6,683.1528930664062,927.6417846679688,145.81585693359375,-0.013206342744192853,-0.49151865062673183,-0.014305635573983531,-0.8706493883235801
457,7.616667,683.5125732421875,926.3132934570312,146.3651123046875,-0.01280259590108001,-0.49214476101189286,-0.014281289127330867,-0.8703020582117467
458,7.633333,683.814453125,924.9603881835938,146.8489990234375,-0.012579821857526555,-0.49301651649904965,-0.01394246374594632,-0.8698172625591355
459,7.65,684.0689086914062,923.5728149414062,147.2794189453125,-0.012569477516737572,-0.4940548850655738,-0.013319508374743945,-0.8692378095058072
460,7.666667,684.2860717773438,922.148681640625,147.67088317871094,-0.012763158464147911,-0.49517466738276883,-0.01248816380961237,-0.868609921848149
461,7.683333,684.4749145507812,920.6900634765625,148.0386962890625,-0.01312626686433831,-0.496281334845813,-0.011531700601842252,-0.8679859202101687
462,7.7,684.6458740234375,919.193603515625,148.3983612060547,-0.013615959255136582,-0.49727612301669855,-0.010508314274112272,-0.8674218342088007
463,7.716667,684.8133544921875,917.6392822265625,148.76651000976562,-0.01419480347450215,-0.4980741430993644,-0.009436011320443062,-0.866966906646681
464,7.733333,684.9932861328125,915.9869384765625,149.1599884033203,-0.0148361966996839,-0.4986210084731153,-0.008299554448304925,-0.8666533877927792
465,7.75,685.1967163085938,914.2007446289062,149.5886993408203,-0.015515836087218902,-0.4989040293526837,-0.007081340867291695,-0.8664894015149247
466,7.766667,685.4220581054688,912.2955932617188,150.04537963867188,-0.01619019429115666,-0.49895834160882097,-0.005806609123135249,-0.8664552696119292
467,7.783333,685.6525268554688,910.36083984375,150.5028839111328,-0.016784617790853953,-0.4988659513138813,-0.0045726886706370234,-0.8665045468684124
468,7.8,685.8629760742188,908.5309448242188,150.92568969726562,-0.017218553179107775,-0.49873731446390246,-0.0035313708489469325,-0.8665749488692135
469,7.816667,686.0350341796875,906.9266967773438,151.28770446777344,-0.017435030539766617,-0.4986689619623135,-0.00285961742210104,-0.866612432794329
470,7.833333,686.168701171875,905.6143798828125,151.58299255371094,-0.017407789467894633,-0.4987089251917649,-0.002727557938059035,-0.8665904091481803
471,7.85,686.2811279296875,904.607421875,151.8233184814453,-0.01713837438153793,-0.4988468304843249,-0.0032644800374642333,-0.8665145463345588
472,7.866667,686.3975830078125,903.8839721679688,152.02883911132812,-0.016671064415144186,-0.4990220432609426,-0.00449868826652312,-0.8664172423000484
473,7.883333,686.540283203125,903.3939819335938,152.21881103515625,-0.016086263226811094,-0.4991404089308376,-0.00629614004201666,-0.8663489152346907
474,7.9,686.7203369140625,903.0670776367188,152.40377807617188,-0.015432414530911646,-0.49910599894736735,-0.008362615864930548,-0.8663631507932412
475,7.916667,686.9354858398438,902.830078125,152.5802764892578,-0.014664480166363049,-0.49886085282890325,-0.010321445047416538,-0.8664965495074998
476,7.933333,687.1737670898438,902.620361328125,152.73121643066406,-0.013674172309998081,-0.4984222474250405,-0.011816693902618983,-0.86674601010251
477,7.95,687.420166015625,902.3905639648438,152.83316040039062,-0.012362895589995846,-0.4978822162775583,-0.012603994724484199,-0.8670649323113943
478,7.966667,687.6648559570312,902.1126098632812,152.8671112060547,-0.010688825880915152,-0.4973553921171033,-0.012606887849508383,-0.8673894334796107
479,7.983333,687.9052124023438,901.7863159179688,152.82652282714844,-0.008715052069022193,-0.49692768961969264,-0.011934102194954463,-0.8676661203259403
480,8.0,688.1387329101562,901.4447631835938,152.72157287597656,-0.006647246056944273,-0.49664229717504776,-0.01086187296908316,-0.8678618913699078
481,8.016667,688.3534545898438,901.1376342773438,152.57757568359375,-0.0047661240570017905,-0.4965052325411729,-0.009733199471759425,-0.8679660724640982
482,8.033333,688.5263671875,900.9019165039062,152.4247589111328,-0.0032757026051479076,-0.4964912746308939,-0.00879886245653831,-0.8679909354407476
483,8.05,688.6323852539062,900.7479858398438,152.28497314453125,-0.0022293985801585016,-0.4965689701993078,-0.008139523624379703,-0.8679562407013028
484,8.066667,688.6583251953125,900.665771484375,152.16571044921875,-0.0015713975393919118,-0.4967211729563608,-0.007724989872869239,-0.8678743754588532
485,8.083333,688.6090698242188,900.6363525390625,152.06344604492188,-0.0012096166111582518,-0.49694643702849817,-0.007491935011643191,-0.867748031667094
486,8.1,688.50341796875,900.6399536132812,151.97189331054688,-0.0010616265189744315,-0.4972422313236152,-0.007373022785339226,-0.8675797801196462
487,8.116667,688.3682861328125,900.6597900390625,151.88821411132812,-0.001068591820573974,-0.497583285055368,-0.007304991584034712,-0.8673847875326074
488,8.133333,688.2344970703125,900.6832885742188,151.81503295898438,-0.0011878231635927992,-0.49791211400341046,-0.007238625341697748,-0.8671964703041345
489,8.15,688.1300048828125,900.7020874023438,151.7591552734375,-0.0013891780843177893,-0.49816399263257033,-0.007143194943169045,-0.8670522944982213
490,8.166667,688.0697021484375,900.7127685546875,151.7284698486328,-0.0016603352103138408,-0.49831029007820643,-0.007004607719608979,-0.866968876926881
491,8.183333,688.0513916015625,900.71630859375,151.72735595703125,-0.0019968288573306483,-0.49837456830692267,-0.006818826876560389,-0.8669326997751501
492,8.2,688.0631713867188,900.7156372070312,151.75201416015625,-0.0023702985874571574,-0.4984015377117952,-0.006590730669932886,-0.8669180187078595
493,8.216667,688.0912475585938,900.7130737304688,151.7914581298828,-0.002725415720471556,-0.49842487785778794,-0.006335229516601053,-0.8669054608828877
494,8.233333,688.1241455078125,900.7101440429688,151.83457946777344,-0.003011600095655419,-0.4984624861263501,-0.006076535730469334,-0.8668847419946427
495,8.25,688.155517578125,900.7081298828125,151.87506103515625,-0.0032090817936853457,-0.49851905509595223,-0.005836559298161295,-0.8668531525442122
496,8.266667,688.183349609375,900.7080688476562,151.90980529785156,-0.003324245923029213,-0.4985883189738528,-0.0056330346516322224,-0.8668142283629663
497,8.283333,688.2060546875,900.710205078125,151.93637084960938,-0.0033747832167296404,-0.49865655242916557,-0.005485746565592313,-0.8667757265534823
498,8.3,688.22216796875,900.7137451171875,151.9539794921875,-0.0033849492141360257,-0.49871532479189,-0.005408182900842423,-0.8667423599283979
499,8.316667,688.2327270507812,900.7168579101562,151.96490478515625,-0.00338503308740224,-0.4987643214051845,-0.0053943341436618565,-0.8667142518750742
500,8.333333,688.2400512695312,900.7183837890625,151.97312927246094,-0.0034025730511022265,-0.4988024469294495,-0.00542342083999631,-0.866692060619121
501,8.35,688.244140625,900.7179565429688,151.98080444335938,-0.0034496868536363356,-0.49882790726300713,-0.005477699403043228,-0.8666768794686233
502,8.366667,688.2421264648438,900.71630859375,151.98667907714844,-0.00352016624599087,-0.4988431895669201,-0.005550167555689735,-0.8666673388863838
503,8.383333,688.2318115234375,900.7139282226562,151.9881134033203,-0.003598590248217933,-0.4988583572478411,-0.005640749707794059,-0.8666577014571236
504,8.4,688.2149047851562,900.7113037109375,151.9844970703125,-0.0036734362702531068,-0.4988881380395817,-0.005749740574173808,-0.8666395283349919
505,8.416667,688.1973266601562,900.7086181640625,151.9788818359375,-0.0037410020115943724,-0.4989451846799706,-0.005876823997937569,-0.866605544944363
506,8.433333,688.1875,900.705810546875,151.9768829345703,-0.003796257840736771,-0.49904189306468194,-0.006023962626583154,-0.8665486075616871
507,8.45,688.1932983398438,900.702392578125,151.98348999023438,-0.0038225538997472986,-0.4991898280174469,-0.006196253549809884,-0.8664620650250889
508,8.466667,688.2182006835938,900.6968994140625,151.99986267089844,-0.003790464639059566,-0.4994012558012971,-0.0064051953061429545,-0.8663388433834637
509,8.483333,688.2598266601562,900.6882934570312,152.02284240722656,-0.003675873225159532,-0.49967902958693483,-0.006659436841446015,-0.866177237779917
510,8.5,688.3091430664062,900.6774291992188,152.04629516601562,-0.00348845080365806,-0.49999186327594736,-0.006942963084850667,-0.8659952440010507
511,8.516667,688.3485717773438,900.6692504882812,152.0621337890625,-0.003297016143040052,-0.5002445732079979,-0.007183234587689507,-0.8658480800933608
512,8.533333,688.3572387695312,900.671142578125,152.0626678466797,-0.0032090675142365122,-0.5003046425938399,-0.0072646310850000145,-0.8658130234755873
513,8.55,688.3262329101562,900.68701171875,152.04595947265625,-0.0032920360776544713,-0.5001057005571211,-0.00712029617341771,-0.8659288378100926
514,8.566667,688.2645263671875,900.7138671875,152.01763916015625,-0.0035286349658428294,-0.49970103175167,-0.006785299187774196,-0.8661641803471942
515,8.583333,688.1873168945312,900.7457885742188,151.9853973388672,-0.003853455171212804,-0.4991927277817257,-0.006346005373519314,-0.8664591736653737
516,8.6,688.1049194335938,900.77734375,151.9547882080078,-0.004199659649202185,-0.4986627285029875,-0.005878491075000505,-0.8667659946049266
517,8.616667,688.0270385742188,900.80322265625,151.9299774169922,-0.0045003745330474835,-0.4981847880054669,-0.005456090889992475,-0.8670420374475567
518,8.633333,687.968994140625,900.8172607421875,151.91554260253906,-0.004681851031939795,-0.4978566007659163,-0.005170655634240579,-0.8672313126640633
519,8.65,687.950927734375,900.8138427734375,151.9158935546875,-0.004677049310350855,-0.49778737138997503,-0.005120380020959372,-0.8672713761002658
520,8.666667,687.9865112304688,900.7915649414062,151.93264770507812,-0.004460426944171382,-0.4980419847557715,-0.005357619740706937,-0.8671248940739283
521,8.683333,688.071044921875,900.7554931640625,151.96243286132812,-0.004073389009368447,-0.4985845515079762,-0.005842471092806634,-0.8668118123509269
522,8.7,688.1828002929688,900.7152709960938,151.9980926513672,-0.0036054141318881162,-0.499287731485857,-0.006457561492407841,-0.8664046757008045
523,8.716667,688.2960815429688,900.6793823242188,152.0325927734375,-0.003147894288082898,-0.5000038748350885,-0.007069551491508147,-0.865988589620647
524,8.733333,688.3914794921875,900.6526489257812,152.06134033203125,-0.002768735810586216,-0.5006178221195302,-0.007574835265107692,-0.8656308405717855
525,8.75,688.456298828125,900.6370239257812,152.08145141601562,-0.002518014511391135,-0.5010514011509547,-0.007901703927299105,-0.865377788068674
526,8.766667,688.48583984375,900.6328125,152.0909881591797,-0.0024190593181431224,-0.5012675176121465,-0.008022129746831603,-0.865251795359765
527,8.783333,688.4855346679688,900.6386108398438,152.08984375,-0.002454472037172705,-0.5012813625906667,-0.007964378328228367,-0.8652442081655953
528,8.8,688.467041015625,900.6519165039062,152.08023071289062,-0.0025752397702346157,-0.501147178341694,-0.007797016576199454,-0.8653231074649482
529,8.816667,688.4423217773438,900.6691284179688,152.06590270996094,-0.0027252844008158663,-0.5009365939198893,-0.007595412698794988,-0.8654463654108263
530,8.833333,688.4210815429688,900.6854858398438,152.05126953125,-0.002858319682267114,-0.500722764250425,-0.007419632599185002,-0.8655711943116523
531,8.85,688.408935546875,900.696533203125,152.0400848388672,-0.0029452056183336215,-0.5005620816694359,-0.007305459632574773,-0.8656648071962864
532,8.866667,688.4078369140625,900.7002563476562,152.0341033935547,-0.002975722338112237,-0.5004814229490375,-0.007265437908741718,-0.865711674734416
533,8.883333,688.4164428710938,900.6973266601562,152.03269958496094,-0.0029570830245011,-0.5004777512109536,-0.007292613195202023,-0.8657136327883477
534,8.9,688.4312744140625,900.690673828125,152.0340118408203,-0.0029077889636954426,-0.5005278574695781,-0.007366193431569326,-0.865684207927224
535,8.916667,688.447998046875,900.683349609375,152.03616333007812,-0.002850808930668391,-0.5005970682678166,-0.007456283223202687,-0.8656436056314418
536,8.933333,688.4622802734375,900.6783447265625,152.0377655029297,-0.0028070373022941603,-0.5006520471009344,-0.007530931376863238,-0.8656113061575758
537,8.95,688.4716796875,900.67724609375,152.0379638671875,-0.002786635689403332,-0.5006745995404644,-0.007571709400838074,-0.8655979720709144
538,8.966667,688.4776611328125,900.6793212890625,152.03652954101562,-0.0027836122553275555,-0.5006758686683302,-0.007587224614241844,-0.8655971118590208
539,8.983333,688.4840087890625,900.6821899414062,152.0337371826172,-0.0027825764086135425,-0.5006832965106194,-0.007603983213447293,-0.8655926717013489
540,9.0,688.4928588867188,900.6839599609375,152.0299072265625,-0.0027732867286149113,-0.5007166683022216,-0.0076405584376153315,-0.8655730753852068
541,9.016667,688.5032348632812,900.6841430664062,152.02525329589844,-0.0027558286097575397,-0.5007768839140961,-0.007697471066778539,-0.8655377905586432
542,9.033333,688.5128784179688,900.6832275390625,152.0201873779297,-0.0027358520148234675,-0.5008524871211907,-0.007764326054793541,-0.8654935103738128
543,9.05,688.5203247070312,900.6815185546875,152.01547241210938,-0.0027187256293449997,-0.500928955804067,-0.007827789348584392,-0.8654487364840932
544,9.066667,688.5255737304688,900.679443359375,152.01211547851562,-0.002706039370043512,-0.5009936531354205,-0.00787788957493659,-0.8654108710461168
545,9.083333,688.5294189453125,900.6769409179688,152.0106964111328,-0.002695857350126679,-0.5010399921332572,-0.007911242965522114,-0.8653837708618031
546,9.1,688.5328979492188,900.6741943359375,152.01080322265625,-0.002688458689277749,-0.5010705212341775,-0.007928374284727053,-0.8653659606323714
547,9.116667,688.5361938476562,900.6708984375,152.01109313964844,-0.0026875981126626945,-0.5010958770850253,-0.007931331555921404,-0.8653512539798646
548,9.133333,688.5393676757812,900.6663818359375,152.01040649414062,-0.002696103423317199,-0.5011259302844348,-0.007922109207860899,-0.8653339085050288
549,9.15,688.5430908203125,900.6611328125,152.00843811035156,-0.002710979780615349,-0.5011630015279136,-0.00790358356782564,-0.8653125619421851
550,9.166667,688.54833984375,900.65625,152.00572204589844,-0.002723522560538696,-0.501200012980837,-0.007881202553540202,-0.8652912897164637
551,9.183333,688.5556030273438,900.653076171875,152.00328063964844,-0.0027246195069958214,-0.5012256048193114,-0.007864022126403037,-0.8652766185897162
552,9.2,688.5643920898438,900.65185546875,152.00186157226562,-0.0027115601239927067,-0.501234082015515,-0.007860862173855964,-0.8652717777170602
553,9.216667,688.5736083984375,900.6524047851562,152.0013885498047,-0.0026898609186822853,-0.501230036436568,-0.007872191350385055,-0.8652740859550677
554,9.233333,688.5820922851562,900.654052734375,152.00140380859375,-0.0026666013459477975,-0.5012225163489643,-0.007891134867649495,-0.8652783415367419
555,9.25,688.5892944335938,900.6565551757812,152.00164794921875,-0.0026457002269509172,-0.5012173733921629,-0.007910465873192855,-0.865281208284243
556,9.266667,688.5947875976562,900.6593627929688,152.0020751953125,-0.0026287556017762295,-0.5012173605817526,-0.007927016249942853,-0.8652811158859417
557,9.283333,688.5988159179688,900.6616821289062,152.00257873535156,-0.002616898585240628,-0.5012222369943606,-0.00794075258369677,-0.8652782011772676
558,9.3,688.601806640625,900.6630859375,152.00303649902344,-0.002609872965515257,-0.5012300898023627,-0.007951125614367909,-0.8652735782637097
559,9.316667,688.6043701171875,900.663330078125,152.00364685058594,-0.002605505536969409,-0.5012380283426977,-0.007955667472020866,-0.8652689510430247
560,9.333333,688.6070556640625,900.6629028320312,152.0045623779297,-0.0026016214844843885,-0.5012449247240809,-0.007952308142680374,-0.8652649985982364
561,9.35,688.6100463867188,900.661865234375,152.0056610107422,-0.00259814477549114,-0.5012526910206452,-0.007941942763575398,-0.8652606052129193
562,9.366667,688.613037109375,900.6604614257812,152.00643920898438,-0.0025961613704903134,-0.5012645671005862,-0.007928728794301315,-0.8652538523319655
563,9.383333,688.6152954101562,900.6582641601562,152.00648498535156,-0.002596855292795335,-0.5012836780357355,-0.007916770853627955,-0.8652428879897278
564,9.4,688.6161499023438,900.6554565429688,152.00537109375,-0.0026022217930081228,-0.501309115964244,-0.007906936615449684,-0.8652282236764167
565,9.416667,688.6149291992188,900.6519775390625,152.0026092529297,-0.0026158894209463643,-0.5013325668089745,-0.007895582160516498,-0.8652146984197673
566,9.433333,688.6111450195312,900.649169921875,151.9980010986328,-0.0026422771992440103,-0.5013400289926272,-0.007874828112879213,-0.8652104835143104
567,9.45,688.6045532226562,900.6492309570312,151.99171447753906,-0.002683672321933332,-0.5013117178574166,-0.007835788338517382,-0.865227114613746
568,9.466667,688.594482421875,900.6544799804688,151.98388671875,-0.0027426941356262797,-0.5012263365203464,-0.0077662173162834705,-0.8652770210030236
569,9.483333,688.5794067382812,900.66650390625,151.9742889404297,-0.0028253103394871026,-0.5010701821224,-0.007651786587229757,-0.8653682108624824
570,9.5,688.556884765625,900.6848754882812,151.9626007080078,-0.0029389249511326404,-0.5008421241285494,-0.007480673840694798,-0.8655013396508542
571,9.516667,688.5263061523438,900.7075805664062,151.94955444335938,-0.003082497139530894,-0.5005609795228994,-0.007255320414908386,-0.8656653881934622
572,9.533333,688.4898681640625,900.7314453125,151.93711853027344,-0.0032412420793958016,-0.5002610439386963,-0.0069987861360696025,-0.8658402850755849
573,9.55,688.451904296875,900.7527465820312,151.927490234375,-0.0033932599780848484,-0.49998435389893264,-0.006747275978248857,-0.8660015045655876
574,9.566667,688.4171142578125,900.7689208984375,151.9217987060547,-0.0035207002068027276,-0.4997652624272119,-0.006533959461338298,-0.8661290865193659
575,9.583333,688.3892211914062,900.778564453125,151.91969299316406,-0.0036148047765679732,-0.4996230369005225,-0.00637918790009815,-0.8662119025656838
576,9.6,688.3701782226562,900.7821044921875,151.9199981689453,-0.003675370147302073,-0.499561007685649,-0.00628798512305584,-0.8662480894625231
577,9.616667,688.3602905273438,900.7811279296875,151.92152404785156,-0.003707558235007482,-0.49956468090751804,-0.006251746659063315,-0.8662460962482975
578,9.633333,688.3582763671875,900.7783203125,151.92369079589844,-0.0037183951739721416,-0.4996062331895922,-0.0062539602888638315,-0.8662220692617697
579,9.65,688.3621215820312,900.7763061523438,151.92616271972656,-0.0037154267433894125,-0.499655222412998,-0.006276198363942425,-0.8661936640576566
580,9.666667,688.3692016601562,900.7766723632812,151.92864990234375,-0.003706566715963166,-0.49969187887925587,-0.006301781578505664,-0.8661723703133435
581,9.683333,688.3771362304688,900.779296875,151.9308624267578,-0.003696082163275983,-0.4997089458020435,-0.006322185664489181,-0.866162420352255
582,9.7,688.3834838867188,900.782470703125,151.93247985839844,-0.0036838326841406657,-0.4997077948801209,-0.006336524768601523,-0.8661630317478686
583,9.716667,688.3861694335938,900.783935546875,151.9329071044922,-0.003662864001450417,-0.49969116112958545,-0.0063524121326858545,-0.8661726004534951
584,9.733333,688.3837280273438,900.7817993164062,151.93124389648438,-0.003617729627955424,-0.4996517589526449,-0.006384233069174456,-0.8661952859349822
